domain,title,category
www.codechef.com,CodeChef - Learn and Practice Coding with Problems,Education
cl.qualaroo.com,Amazon S3 - Cloud Object Storage  - AWS,Advertising
contile.services.mozilla.com,Mozilla Advertising — Mozilla,Advertising
simage2.pubmatic.com,,Unknown
www.google.com,Google,Search Engine
accounts.google.com,Sign in - Google Accounts,Search Engine
bat.bing.com,MSN,Unknown
stats.g.doubleclick.net,Analytics Tools & Solutions for Your Business - Google Analytics,Advertising
sslwidget.criteo.com,,Unknown
www.google-analytics.com,Analytics Tools & Solutions for Your Business - Google Analytics,Advertising
eb2.3lift.com,engagement_bus,Unknown
geolocation.onetrust.com,Responsible AI and Data Solutions | OneTrust,Privacy/Compliance
criteo-sync.teads.tv,,Unknown
www.facebook.com,Facebook - लॉग इन या साइन अप करें,Social Media
px.ads.linkedin.com,,Unknown
www.google.co.in,Google,Search Engine
contextual.media.net,,Unknown
sync-t1.taboola.com,,Unknown
r.casalemedia.com,,Unknown
www.udemy.com,"Online Courses - Learn Anything, On Your Schedule | Udemy",Education
dis.criteo.com,,Unknown
cm.g.doubleclick.net,Enterprise Advertising & Analytics Solutions - Google Marketing Platform,Advertising
analytics.google.com,Redirecting...,Unknown
t.co,t.co / Twitter,Social Media
sync.1rx.io,RhythmXchange Ad Server,Advertising
googleads.g.doubleclick.net,Enterprise Advertising & Analytics Solutions - Google Marketing Platform,Advertising
csp.withgoogle.com,Introduction - Content Security Policy,Unknown
play.google.com,Android Apps on Google Play,Search Engine
