domain,title,description,keywords
www.codechef.com,CodeChef - Learn and Practice Coding with Problems,"Learn coding with our free and beginner friendly courses on Python, Java, C, C++, Data structures, Algorithms, SQL. Solve our collection of 1000s of problems to practice coding.",
cl.qualaroo.com,Amazon S3 - Cloud Object Storage  - AWS,"Amazon S3 is cloud object storage with industry-leading scalability, data availability, security, and performance. S3 is ideal for data lakes, mobile applications, backup and restore, archival, IoT devices, ML, AI, and analytics.",
contile.services.mozilla.com,Mozilla Advertising — Mozilla,,
simage2.pubmatic.com,,,
www.google.com,Google,,
accounts.google.com,Sign in - Google Accounts,,
bat.bing.com,MSN,,
stats.g.doubleclick.net,Analytics Tools & Solutions for Your Business - Google Analytics,"Google Analytics gives you the tools you need to better understand your customers. You can then use those business insights to take action, such as improving your website, creating tailored audience lists, and more.",
sslwidget.criteo.com,,,
www.google-analytics.com,Analytics Tools & Solutions for Your Business - Google Analytics,"Google Analytics gives you the tools you need to better understand your customers. You can then use those business insights to take action, such as improving your website, creating tailored audience lists, and more.",
eb2.3lift.com,engagement_bus,,
geolocation.onetrust.com,Responsible AI and Data Solutions | OneTrust,"OneTrust delivers comprehensive solutions that empower businesses to manage data effectively, ensure compliance with privacy regulations, and foster trust through responsible data and AI practices.",Company
criteo-sync.teads.tv,,,
www.facebook.com,Facebook - लॉग इन या साइन अप करें,"अपने दोस्तों, परिवार और परिचित लोगों से शेयर करना और कनेक्ट करना शुरू करने के लिए Facebook में लॉग इन करें.",
px.ads.linkedin.com,,,
www.google.co.in,Google,,
contextual.media.net,,,
sync-t1.taboola.com,,,
r.casalemedia.com,,,
www.udemy.com,"Online Courses - Learn Anything, On Your Schedule | Udemy","Udemy is an online learning and teaching marketplace with over 250,000 courses and 80 million students. Learn programming, marketing, data science and more.",
dis.criteo.com,,,
cm.g.doubleclick.net,Enterprise Advertising & Analytics Solutions - Google Marketing Platform,"Google Marketing Platform offers an enterprise analytics solution to gain insights into your advertising, marketing, customers, and sales.",
analytics.google.com,Redirecting...,,
t.co,t.co / Twitter,,
sync.1rx.io,RhythmXchange Ad Server,,
googleads.g.doubleclick.net,Enterprise Advertising & Analytics Solutions - Google Marketing Platform,"Google Marketing Platform offers an enterprise analytics solution to gain insights into your advertising, marketing, customers, and sales.",
csp.withgoogle.com,Introduction - Content Security Policy,,
play.google.com,Android Apps on Google Play,"Enjoy millions of the latest Android apps, games, music, movies, TV, books, magazines & more. Anytime, anywhere, across your devices.",
